"package_lc","version","osv_id"
"github.com/hashicorp/vault","1.17.0-rc1","GHSA-32cj-5wx4-gq8p"
"github.com/mattermost/mattermost/server/v8","8.1.0","GHSA-33r7-wjfc-7w98"
"github.com/mattermost/mattermost-server","11.6.0","GHSA-37j2-3vv8-cf24"
"github.com/envoyproxy/envoy","1.37.0","GHSA-3cw6-2j68-868p"
"github.com/mattermost/mattermost-server","7.8.0","GHSA-3wq5-3f56-v5xc"
"github.com/mattermost/mattermost-server/v6","7.10.0","GHSA-455c-vqrf-mghr"
"github.com/pingcap/tidb","5.3.0","GHSA-4whx-7p29-mq22"
"github.com/envoyproxy/envoy","1.37.0","GHSA-56cj-wgg3-x943"
"github.com/azukaar/cosmos-server","0.22.18","GHSA-5fqm-cc34-fcf5"
"github.com/mattermost/mattermost-server","11.6.0","GHSA-5gmf-x7hg-97wf"
"go.opentelemetry.io/otel/baggage","1.41.0","GHSA-5wrp-cwcj-q835"
"go.opentelemetry.io/otel/propagation","1.41.0","GHSA-5wrp-cwcj-q835"
"github.com/concourse/concourse","6.4.0","GHSA-627p-rr78-99rj"
"github.com/concourse/dex","6.4.0","GHSA-627p-rr78-99rj"
"github.com/aquasecurity/trivy","0.69.4","GHSA-69fq-xp46-6x23"
"github.com/zitadel/zitadel","2.64.0","GHSA-6cf5-w9h3-4rqv"
"github.com/hashicorp/consul","1.10.1","GHSA-6hw5-6gcx-phmw"
"github.com/rancher/rancher","2.7.2","GHSA-6m9f-pj6w-w87g"
"github.com/pterodactyl/wings","1.2.0","GHSA-6rg3-8h8x-5xfv"
"github.com/osrg/gobgp/v4","4.3.0","GHSA-7235-89m6-f4px"
"github.com/cosmwasm/wasmd","0.60.0","GHSA-79xg-q4qm-7v9w"
"k8s.io/kubernetes","1.28.0","GHSA-7fxm-f474-hf8w"
"github.com/crossplane/crossplane","1.15.5","GHSA-7h65-4p22-39j6"
"github.com/authzed/spicedb","1.3.0","GHSA-7p8f-8hjm-wm92"
"github.com/mattermost/mattermost-server","11.6.0","GHSA-7pf2-9c95-w332"
"github.com/filebrowser/filebrowser/v2","2.38.0","GHSA-7xqm-7738-642x"
"github.com/envoyproxy/envoy","1.37.0","GHSA-84xm-r438-86px"
"istio.io/istio","1.13.0","GHSA-856q-xv3c-7f2f"
"github.com/1panel-dev/1panel","1.4.3","GHSA-85cf-gj29-f555"
"github.com/kubeedge/kubeedge","1.10.0","GHSA-8f4f-v9x5-cg6j"
"github.com/traefik/traefik/v3","3.7.0","GHSA-96qj-4jj5-wcjc"
"github.com/pion/dtls/v3","3.1.0","GHSA-9f3f-wv7r-qc8r"
"github.com/consensys/gnark","0.12.0","GHSA-9fvj-xqr2-xwg8"
"github.com/mattermost/mattermost/server/v8","8.1.0","GHSA-9hwp-cj7m-wjw4"
"github.com/hashicorp/consul","1.16.0","GHSA-9rhf-q362-77mx"
"github.com/envoyproxy/envoy","1.37.0","GHSA-c23c-rp3m-vpg3"
"github.com/mattermost/mattermost-server","11.6.0","GHSA-c4r7-j7pp-r8mp"
"github.com/hashicorp/nomad","1.5.13","GHSA-c866-8gpw-p3mv"
"github.com/metal3-io/baremetal-operator/apis","0.9.0","GHSA-c98h-7hp9-v9hq"
"github.com/hashicorp/consul","1.10.1","GHSA-ccw8-7688-vqx4"
"github.com/cortexproject/cortex","1.14.0","GHSA-cq2g-pw6q-hf7j"
"github.com/kubernetes-csi/external-resizer","0.1","GHSA-f4w6-3rh6-6q4q"
"github.com/goreleaser/goreleaser","1.26.0","GHSA-f6mm-5fc7-3g3c"
"github.com/sqls-server/sqls","0.2.28","GHSA-f9f4-5859-29mf"
"github.com/argoproj/argo-cd/v3","3.2.0-rc1","GHSA-f9gq-prrc-hrhc"
"github.com/cri-o/cri-o","1.24.0","GHSA-fcm2-6c3h-pg6j"
"github.com/mattermost/mattermost-server","11.6.0","GHSA-ffpr-pfr4-g354"
"github.com/cosmwasm/wasmd","0.52.0","GHSA-fpgj-cr28-fvpx"
"github.com/argoproj/argo-cd/v3","3.2.0-rc1","GHSA-g88p-r42r-ppp9"
"github.com/envoyproxy/envoy","1.35.0","GHSA-g9vw-6pvx-7gmw"
"github.com/stacklok/minder","0.0.39","GHSA-ggp5-28x4-xcj9"
"github.com/envoyproxy/envoy","1.37.0","GHSA-ghc4-35x6-crw5"
"github.com/argoproj/argo-workflows/v3","3.6.0-rc1","GHSA-ghjw-32xw-ffwr"
"github.com/authelia/authelia/v4","4.39.15","GHSA-gmfg-3v4q-9qr4"
"github.com/mohammed90/caddy-ssh","0.0.1","GHSA-gmhj-xjfh-cf6m"
"go.etcd.io/etcd/v3","3.4.10","GHSA-gmph-wf7j-9gcm"
"github.com/argoproj/argo-cd/v3","3.2.0-rc1","GHSA-gpx4-37g2-c8pv"
"github.com/dexidp/dex","2.37.0","GHSA-gr79-9v6v-gc9r"
"github.com/openshift/openshift-apiserver","4.0.0-alpha.0","GHSA-gxvv-45f6-3ch8"
"github.com/goharbor/harbor","2.13.0","GHSA-h27m-3qw8-3pw8"
"github.com/goreleaser/goreleaser","1.23.0","GHSA-h3q2-8whx-c29h"
"github.com/mattermost/mattermost/server/v8","8.1.0","GHSA-h69v-mvh9-hfrq"
"github.com/mattermost/mattermost/server/v8","8.1.0","GHSA-h8wh-f7gw-fwpr"
"github.com/icewhaletech/casaos-userservice","0.4.7","GHSA-hcw2-2r9c-gc6p"
"github.com/1panel-dev/1panel","1.4.3","GHSA-hf7j-xj3w-87g4"
"github.com/grafana/grafana","11.1.0","GHSA-hh8p-374f-qgr5"
"github.com/loft-sh/devspace","6.3.20","GHSA-hqwm-7x7x-8379"
"github.com/mattermost/mattermost-server","11.6.0","GHSA-jmvr-r5hm-fxfr"
"github.com/openfga/openfga","0.3.0","GHSA-m3q4-7qmj-657m"
"github.com/authzed/spicedb","1.22.0","GHSA-m54h-5x5f-5m6r"
"github.com/cosmos/evm","0.1.0","GHSA-mjfq-3qr2-6g84"
"github.com/mattermost/mattermost/server/v8","11.4.0","GHSA-mpc7-mm28-f6wq"
"github.com/cometbft/cometbft","0.34.28","GHSA-mvj3-qrqh-cjvr"
"github.com/0xjacky/nginx-ui","2.3.5","GHSA-mxqh-q9h6-v8pq"
"github.com/osrg/gobgp/v4","4.4.0","GHSA-p3w2-64xm-833j"
"github.com/cri-o/cri-o","1.29.0","GHSA-p4rx-7wvg-fwrc"
"github.com/mattermost/mattermost-server","11.6.0","GHSA-pg7c-462j-grxv"
"github.com/quic-go/quic-go","0.40.0","GHSA-ppxx-5m9h-6vxf"
"github.com/1panel-dev/1panel","1.4.3","GHSA-pv7q-v9mv-9mh5"
"k8s.io/kubernetes","1.28.0","GHSA-q78c-gwqw-jcmc"
"github.com/cilium/cilium","1.16.0","GHSA-qcm3-7879-xcww"
"github.com/notaryproject/notation-go","1.3.0-rc.1","GHSA-qjh3-4j3h-vmwp"
"github.com/mattermost/mattermost-server","11.6.0","GHSA-r5vf-grcx-5vqp"
"github.com/kubernetes-csi/csi-proxy/v2","2.0.0-alpha.0","GHSA-r6cc-7wj7-gfx2"
"github.com/patrickhener/goshs/v2","2.1.3","GHSA-rjrw-mjq6-hpmm"
"goshs.de/goshs/v2","2.1.3","GHSA-rjrw-mjq6-hpmm"
"github.com/mattermost/mattermost-server","11.6.0","GHSA-rmvv-8v8w-rf7x"
"github.com/mattermost/mattermost/server/v8","8.1.0","GHSA-rp65-jpc7-8h8p"
"github.com/gotenberg/gotenberg/v8","8.29.1","GHSA-rqgh-gxv4-6657"
"github.com/hashicorp/nomad","1.5.0","GHSA-rqm8-q8j9-662f"
"github.com/mattermost/mattermost/server/v8","11.4.0","GHSA-vhgh-g7x8-4rx8"
"github.com/argoproj/argo-cd","1.5.0","GHSA-vj54-cjrx-x696"
"github.com/mattermost/mattermost-server","9.9.0","GHSA-vvpg-55p7-5h8w"
"github.com/cilium/cilium","1.16.0","GHSA-vwf8-q6fw-4wcm"
"github.com/mattermost/mattermost-server","11.6.0","GHSA-w9m8-p4cc-4qj9"
"github.com/coder/coder/v2","2.16.0","GHSA-wcx9-ccpj-hx3c"
"github.com/argoproj/argo-cd/v3","3.2.0-rc1","GHSA-wp4p-9pxh-cgx2"
"github.com/grafana/grafana","11.4.0","GHSA-wxcc-2f3q-4h58"
"github.com/kubeedge/kubeedge","1.10.0","GHSA-x938-fvfw-7jh5"
"github.com/canonical/lxd","5.19.0","GHSA-x9qq-236j-gj97"
